{
    "camera_matrix": [
        [
            3522.0659999599907,
            0.0,
            2327.073516131101
        ],
        [
            0.0,
            3518.4329341891093,
            1299.8686043791554
        ],
        [
            0.0,
            0.0,
            1.0
        ]
    ],
    "distortion_params": [
        [
            0.054132300085841745,
            -0.0934133478393469,
            -0.0007060958064773663,
            -0.001970900667863385,
            -0.009400614771057147
        ]
    ]
}