{"camera_matrix": [[1444.2627988232175, 0.0, 969.446605554367], [0.0, 1442.5147351766336, 537.9490861138665], [0.0, 0.0, 1.0]], "distortion_params": [[0.05259622446705796, -0.07991621681735962, -0.00011040746513843524, -0.00047204086119552647, -0.021152426110528724]]}