{
    "camera_matrix": [
        [
            1172.8109780630364,
            0.0,
            436.7104652069482
        ],
        [
            0.0,
            1174.0219999866636,
            775.6911720437003
        ],
        [
            0.0,
            0.0,
            1.0
        ]
    ],
    "distortion_params": [
        [
            0.054132300085841745,
            -0.0934133478393469,
            -0.001970900667863385,
            0.0007060958064773663,
            -0.009400614771057147
        ]
    ]
}